estimate,std_err
0.0008065603990063646,0.0003371029260494027
