estimate,std_err
3.329153904463066,2.0256286444979983
