estimate,std_err
1.8450286322049927,0.3898786195682134
