estimate,std_err
0.8202602652167843,0.08727717841574328
