estimate,std_err
0.861006234031501,0.07289047447622278
