estimate,std_err
0.8202602652167843,0.10086044897144404
