estimate,std_err
-0.7509871848905179,2.666604638638273
